TRACK   1.0V*1,
098,
098,
099,
099,
099,
100,
100,
101,
101,
101,
101,
102,
102,
102,
102,
102,
103,
103,
103,
103,
103,
103,
103,
103,
104,
104,
104,
104,
104,
104,
104,
104,
104,
104,
104,
104,
105,
105,
105,
104,
105,
105,
105,
105,
105,
105,
105,
105,
105,
105,
105,
105,
105,
105,
105,
105,
105,
105,
105,
106,
105,
106,
106,
105,
106,
106,
106,
106,
106,
106,
106,
106,
111,
154,
158,
158,
157,
155,
153,
150,
148,
145,
143,
140,
138,
136,
134,
133,
131,
129,
128,
127,
126,
124,
123,
123,
122,
121,
120,
120,
119,
119,
118,
118,
117,
117,
117,
116,
116,
116,
116,
115,
115,
115,
115,
115,
115,
114,
114,
114,
114,
114,
114,
114,
114,
114,
113,
113,
113,
113,
113,
113,
113,
113,
113,
113,
113,
113,
113,
113,
113,
113,
112,
112,
112,
112,
112,
112,
112,
112,
112,
112,
112,
112,
112,
112,
112,
112,
112,
112,
112,
112,
112,
112,
112,
112,
112,
112,
112,
112,
112,
112,
106,
067,
063,
063,
064,
066,
068,
070,
072,
074,
076,
078,
080,
082,
084,
085,
087,
088,
089,
090,
092,
093,
094,
094,
095,
096,
096,
097,
098,
098,
099,
099,
100,
100,
100,
101,
101,
101,
101,
102,
102,
102,
102,
102,
103,
103,
103,
103,
103,
103,
103,
103,
104,
104,
104,
104,
104,
104,
104,
104,
104,
104,
104,
105,
105,
105,
105,
105,
105,
105,
105,
105,
105,
105,
105,
105,
105,
105,
105,
105,
105,
105,
105,
105,
105,
105,
105,
105,
106,
105,
106,
106,
106,
106,
106,
106,
106,
106,
106,
106,
112,
154,
158,
158,
157,
155,
153,
150,
148,
145,
143,
140,
138,
136,
134,
133,
131,
129,
128,
127,
126,
125,
123,
123,
122,
121,
120,
120,
119,
119,
118,
118,
117,
117,
117,
116,
116,
116,
116,
115,
115,
115,
115,
115,
115,
114,
114,
114,
114,
114,
114,
114,
114,
114,
113,
113,
113,
113,
113,
113,
113,
113,
113,
113,
113,
113,
113,
113,
113,
113,
113,
112,
112,
112,
112,
112,
112,
112,
112,
112,
112,
112,
112,
112,
112,
112,
112,
112,
112,
112,
112,
112,
112,
112,
112,
112,
112,
112,
112,
112,
106,
067,
063,
063,
064,
066,
068,
070,
072,
074,
076,
078,
080,
082,
084,
085,
087,
088,
089,
091,
092,
093,
094,
094,
095,
096,
097,
097,
098,
098,
099,
099,
099,
100,
100,
101,
101,
101,
101,
102,
102,
102,
102,
102,
103,
103,
103,
103,
103,
103,
103,
103,
104,
104,
104,
104,
104,
104,
104,
104,
104,
104,
104,
105,
105,
105,
105,
105,
105,
105,
105,
105,
105,
105,
105,
105,
105,
105,
105,
105,
105,
105,
105,
105,
105,
105,
105,
105,
106,
106,
106,
106,
106,
106,
106,
106,
106,
106,
106,
106,
111,
154,
158,
158,
157,
155,
153,
150,
148,
145,
143,
140,
138,
136,
134,
132,
131,
129,
128,
127,
126,
124,
123,
123,
122,
121,
120,
120,
119,
119,
118,
118,
117,
117,
117,
116,
116,
116,
116,
115,
115,
115,
115,
115,
115,
114,
114,
114,
114,
114,
114,
114,
114,
113,
113,
113,
113,
113,
113,
113,
113,
113,
113,
113,
113,
113,
113,
113,
113,
113,
112,
112,
112,
112,
112,
112,
112,
112,
112,
112,
112,
112,
112,
112,
112,
112,
112,
112,
112,
112,
112,
112,
112,
112,
112,
112,
112,
112,
112,
112,
106,
067,
063,
063,
064,
066,
068,
070,
072,
074,
076,
078,
080,
082,
084,
085,
087,
088,
089,
090,
092,
093,
093,
094,
095,
096,
096,
097,
098,
098,
099,
099,
099,
100,
100,
101,
101,
101,
101,
102,
102,
102,
102,
102,
103,
103,
103,
103,
103,
103,
103,
104,
104,
104,
104,
104,
104,
104,
104,
104,
104,
104,
104,
105,
105,
105,
105,
105,
105,
105,
105,
105,
105,
105,
105,
105,
105,
105,
105,
105,
105,
105,
105,
105,
105,
105,
105,
105,
106,
106,
106,
106,
106,
106,
106,
106,
106,
106,
106,
106,
111,
154,
158,
158,
157,
155,
153,
150,
148,
145,
143,
140,
138,
136,
134,
133,
131,
129,
128,
127,
126,
124,
123,
123,
122,
121,
120,
120,
119,
119,
118,
118,
117,
117,
117,
116,
116,
116,
116,
115,
115,
115,
115,
115,
114,
114,
114,
114,
114,
114,
114,
114,
114,
114,
113,
113,
113,
113,
113,
113,
113,
113,
113,
113,
113,
113,
113,
113,
113,
113,
113,
112,
112,
112,
112,
112,
112,
112,
112,
112,
112,
112,
112,
112,
112,
112,
112,
112,
112,
112,
112,
112,
112,
112,
112,
112,
112,
112,
112,
112,
106,
067,
063,
063,
064,
066,
068,
070,
072,
074,
076,
078,
080,
082,
084,
085,
087,
088,
089,
091,
092,
093,
094,
094,
095,
096,
097,
097,
098,
098,
099,
099,
099,
100,
100,
101,
101,
101,
101,
102,
102,
102,
102,
102,
102,
103,
103,
103,
103,
103,
103,
103,
104,
104,
104,
104,
104,
104,
104,
104,
104,
104,
104,
105,
105,
105,
105,
105,
105,
105,
105,
105,
105,
105,
105,
105,
105,
105,
105,
105,
105,
105,
105,
105,
105,
105,
105,
106,
105,
106,
106,
106,
106,
106,
106,
106,
106,
106,
106,
106,
111,
154,
158,
158,
157,
155,
153,
150,
148,
145,
143,
140,
138,
136,
134,
133,
131,
129,
128,
127,
126,
124,
124,
123,
122,
121,
120,
120,
119,
119,
118,
118,
117,
117,
117,
116,
116,
116,
116,
115,
115,
115,
115,
115,
115,
114,
114,
114,
114,
114,
114,
114,
114,
114,
113,
113,
113,
113,
113,
113,
113,
113,
113,
113,
113,
113,
113,
113,
113,
112,
112,
112,
112,
112,
112,
112,
112,
112,
112,
112,
112,
112,
112,
112,
112,
112,
112,
112,
112,
112,
112,
112,
112,
112,
112,
112,
112,
112,
112,
112,
106,
067,
063,
063,
064,
066,
068,
070,
072,
074,
076,
078,
080,
082,
084,
085,
087,
088,
089,
090,
092,
093,
094,
094,
095,
096,
096,
097,
098,
098,
099,
099,
099,
100,
100,
101,
101,
101,
101,
102,
102,
102,
102,
102,
103,
103,
103,
103,
103,
103,
103,
104,
104,
104,
104,
104,
104,
104,
104,
104,
104,
104,
104,
104,
105,
105,
105,
105,
105,
105,
105,
105,
105,
105,
105,
105,
105,
105,
105,
105,
105,
105,
105,
105,
105,
105,
105,
105,
105,
106,
106,
106,
106,
106,
106,
106,
106,
106,
106,
106,
112,
154,
158,
158,
157,
155,
153,
150,
148,
145,
143,
140,
138,
136,
134,
132,
131,
129,
128,
127,
126,
124,
123,
123,
122,
121,
120,
120,
119,
119,
118,
118,
117,
117,
117,
116,
116,
116,
116,
115,
115,
115,
115,
115,
114,
114,
114,
114,
114,
114,
114,
114,
114,
113,
113,
113,
113,
113,
113,
113,
113,
113,
113,
113,
113,
113,
113,
113,
113,
113,
112,
112,
112,
112,
112,
112,
112,
112,
112,
112,
112,
112,
112,
111,
112,
112,
112,
112,
112,
112,
112,
112,
112,
112,
112,
112,
112,
112,
112,
112,
106,
067,
063,
063,
064,
066,
068,
070,
072,
074,
076,
078,
080,
082,
084,
085,
087,
088,
089,
091,
092,
093,
094,
094,
095,
096,
097,
097,
098,
098,
099,
099,
099,
100,
100,
100,
101,
101,
101,
102,
102,
102,
102,
102,
102,
103,
103,
103,
103,
103,
103,
104,
104,
104,
104,
104,
104,
104,
104,
104,
104,
104,
104,
104,
105,
105,
105,
105,
105,
105,
105,
105,
105,
105,
105,
105,
105,
105,
105,
105,
105,
104,
105,
105,
105,
105,
105,
106,
106,
106,
106,
106,
106,
106,
106,
106,
106,
106,
106,
106,
112,
154,
158,
158,
157,
155,
153,
150,
148,
145,
143,
140,
138,
136,
134,
133,
131,
129,
128,
127,
126,
124,
123,
123,
122,
121,
120,
120,
119,
119,
118,
118,
117,
117,
117,
116,
116,
116,
116,
115,
115,
115,
115,
115,
115,
114,
114,
114,
114,
114,
114,
114,
114,
113,
113,
113,
113,
113,
113,
113,
113,
113,
113,
113,
113,
113,
113,
113,
113,
113,
113,
112,
112,
112,
112,
112,
112,
112,
112,
112,
112,
112,
112,
112,
112,
112,
112,
112,
112,
112,
112,
112,
112,
112,
112,
112,
112,
112,
112,
112,
106,
067,
063,
063,
064,
066,
068,
070,
072,
074,
076,
078,
080,
082,
084,
085,
087,
088,
089,
091,
092,
093,
093,
094,
095,
096,
096,
097,
098,
098,
099,
099,
099,
100,
100,
101,
101,
101,
101,
102,
102,
102,
102,
102,
103,
103,
103,
103,
103,
103,
103,
104,
104,
104,
104,
104,
104,
104,
104,
104,
104,
104,
104,
105,
105,
105,
105,
105,
105,
105,
105,
105,
105,
105,
105,
105,
105,
105,
105,
105,
105,
105,
105,
105,
105,
105,
105,
105,
106,
106,
106,
106,
106,
106,
106,
106,
106,
106,
106,
106,
111,
154,
158,
158,
157,
155,
153,
150,
147,
145,
143,
140,
138,
136,
134,
133,
131,
129,
128,
127,
126,
125,
123,
123,
122,
121,
120,
120,
119,
119,
118,
118,
117,
117,
117,
116,
116,
116,
116,
115,
115,
115,
115,
115,
115,
114,
114,
114,
114,
114,
114,
114,
114,
113,
113,
113,
113,
113,
113,
113,
113,
113,
113,
113,
113,
113,
113,
113,
113,
113,
112,
112,
112,
112,
112,
112,
112,
112,
112,
112,
112,
112,
112,
112,
112,
112,
112,
112,
112,
112,
112,
112,
112,
112,
112,
112,
112,
112,
112,
112,
106,
067,
063,
063,
064,
066,
068,
070,
072,
074,
076,
078,
080,
082,
084,
085,
087,
088,
089,
091,
092,
093,
094,
094,
095,
096,
096,
097,
098,
098,
099,
099,
099,
100,
100,
101,
101,
101,
101,
102,
102,
102,
102,
102,
103,
103,
103,
103,
103,
103,
103,
104,
104,
104,
104,
104,
104,
104,
104,
104,
104,
104,
104,
104,
105,
105,
105,
105,
105,
105,
105,
105,
105,
105,
105,
105,
105,
105,
105,
105,
105,
105,
105,
105,
105,
105,
105,
105,
105,
106,
106,
105,
106,
106,
106,
106,
106,
106,
106,
106,
112,
154,
158,
158,
157,
155,
153,
150,
148,
145,
143,
140,
138,
136,
134,
133,
131,
129,
128,
127,
126,
124,
124,
123,
122,
121,
120,
120,
119,
119,
118,
118,
117,
117,
117,
116,
116,
116,
116,
115,
115,
115,
115,
115,
114,
114,
114,
114,
114,
114,
114,
114,
114,
114,
113,
113,
113,
113,
113,
113,
113,
113,
113,
113,
113,
113,
113,
113,
112,
113,
112,
112,
112,
112,
112,
112,
112,
112,
112,
112,
112,
112,
112,
112,
112,
112,
112,
112,
112,
112,
112,
112,
112,
112,
112,
112,
112,
112,
112,
112,
106,
067,
063,
063,
064,
066,
068,
070,
072,
074,
076,
078,
080,
082,
084,
085,
087,
088,
089,
091,
092,
093,
094,
094,
095,
096,
097,
097,
098,
098,
099,
099,
099,
100,
100,
101,
101,
101,
101,
101,
102,
102,
102,
102,
103,
103,
103,
103,
103,
103,
103,
104,
104,
104,
104,
104,
104,
104,
104,
104,
104,
104,
104,
105,
105,
105,
105,
105,
105,
105,
105,
105,
105,
105,
105,
105,
105,
105,
105,
105,
105,
105,
105,
105,
105,
105,
105,
105,
105,
105,
105,
106,
106,
106,
106,
106,
106,
106,
106,
106,
111,
154,
158,
158,
157,
155,
152,
150,
147,
145,
143,
140,
138,
136,
134,
133,
131,
129,
128,
127,
126,
124,
124,
123,
122,
121,
120,
120,
119,
119,
118,
118,
117,
117,
117,
116,
116,
116,
116,
115,
115,
115,
115,
115,
115,
114,
114,
114,
114,
114,
114,
114,
114,
113,
113,
113,
113,
113,
113,
113,
113,
113,
113,
113,
113,
113,
113,
113,
113,
112,
113,
112,
112,
112,
112,
112,
112,
112,
112,
112,
112,
112,
112,
112,
112,
112,
112,
112,
112,
112,
112,
112,
112,
112,
112,
112,
112,
112,
112,
112,
106,
067,
063,
063,
064,
066,
068,
070,
072,
074,
076,
078,
080,
082,
084,
085,
087,
088,
089,
091,
092,
093,
093,
094,
095,
096,
096,
097,
098,
098,
099,
099,
099,
100,
100,
100,
101,
101,
101,
101,
102,
102,
102,
102,
103,
103,
103,
103,
103,
103,
103,
103,
104,
104,
104,
104,
104,
104,
104,
104,
104,
104,
104,
104,
105,
105,
105,
105,
105,
105,
105,
105,
105,
105,
105,
105,
105,
105,
105,
105,
105,
105,
105,
105,
105,
105,
105,
105,
105,
106,
106,
106,
106,
106,
106,
106,
106,
106,
106,
106,
111,
154,
157,
158,
157,
155,
153,
150,
148,
145,
143,
140,
138,
136,
134,
133,
131,
129,
128,
127,
126,
124,
124,
123,
122,
121,
120,
120,
119,
119,
118,
118,
117,
117,
117,
116,
116,
116,
116,
115,
115,
115,
115,
115,
115,
114,
114,
114,
114,
114,
114,
114,
114,
114,
113,
113,
113,
113,
113,
113,
113,
113,
113,
113,
113,
113,
113,
113,
113,
113,
112,
112,
112,
112,
112,
112,
112,
112,
112,
112,
112,
112,
112,
112,
112,
112,
112,
112,
112,
112,
112,
112,
112,
112,
112,
112,
112,
112,
112,
112,
106,
067,
063,
063,
064,
066,
068,
070,
072,
074,
076,
078,
080,
082,
084,
085,
087,
088,
089,
091,
092,
093,
094,
094,
095,
096,
096,
097,
098,
098,
099,
099,
099,
100,
100,
101,
101,
101,
101,
102,
102,
102,
102,
102,
102,
103,
103,
103,
103,
103,
103,
103,
104,
104,
104,
104,
104,
104,
104,
104,
104,
104,
104,
105,
105,
105,
105,
105,
105,
105,
105,
105,
105,
105,
105,
105,
105,
105,
105,
105,
105,
105,
105,
105,
105,
105,
105,
105,
106,
106,
106,
106,
106,
106,
106,
106,
106,
106,
106,
106,
111,
154,
158,
158,
157,
155,
153,
150,
148,
145,
143,
140,
138,
136,
134,
133,
131,
129,
128,
127,
126,
124,
123,
123,
122,
121,
120,
120,
119,
119,
118,
118,
117,
117,
117,
116,
116,
116,
116,
115,
115,
115,
115,
115,
115,
114,
114,
114,
114,
114,
114,
114,
114,
113,
113,
113,
113,
113,
113,
113,
112,
113,
113,
113,
113,
113,
113,
113,
113,
112,
112,
112,
112,
112,
112,
112,
112,
112,
112,
112,
112,
112,
112,
112,
112,
112,
112,
112,
112,
112,
112,
112,
112,
112,
112,
112,
112,
112,
112,
112,
106,
067,
063,
063,
064,
066,
068,
070,
072,
074,
076,
078,
080,
082,
084,
085,
087,
088,
089,
090,
092,
093,
093,
094,
095,
096,
096,
097,
098,
098,
099,
099,
099,
100,
100,
100,
101,
101,
101,
102,
102,
102,
102,
102,
103,
103,
103,
103,
103,
103,
103,
104,
104,
104,
104,
104,
104,
104,
104,
104,
104,
104,
104,
105,
105,
105,
105,
105,
105,
105,
105,
105,
105,
105,
105,
105,
105,
105,
105,
105,
105,
105,
105,
105,
105,
105,
105,
105,
106,
105,
106,
106,
106,
106,
106,
106,
106,
106,
106,
106,
112,
154,
158,
158,
157,
155,
153,
150,
148,
145,
143,
140,
138,
136,
134,
133,
131,
129,
128,
127,
126,
125,
123,
123,
122,
121,
120,
120,
119,
119,
118,
118,
117,
117,
117,
116,
116,
116,
116,
116,
115,
115,
115,
115,
115,
114,
114,
114,
114,
114,
114,
114,
114,
114,
113,
113,
113,
113,
113,
113,
113,
113,
113,
113,
113,
113,
113,
113,
113,
113,
112,
112,
112,
112,
112,
112,
112,
112,
112,
112,
112,
112,
112,
112,
112,
112,
112,
112,
112,
112,
112,
112,
112,
112,
112,
112,
112,
112,
112,
112,
106,
067,
063,
063,
064,
066,
068,
070,
072,
074,
076,
078,
080,
082,
084,
085,
087,
088,
089,
091,
092,
093,
093,
094,
095,
096,
096,
097,
098,
098,
099,
099,
099,
100,
100,
100,
101,
101,
101,
102,
102,
102,
102,
102,
103,
103,
102,
103,
103,
103,
103,
104,
104,
104,
104,
104,
104,
104,
104,
104,
104,
104,
104,
104,
105,
105,
105,
105,
105,
105,
105,
105,
105,
105,
105,
105,
105,
105,
105,
105,
105,
105,
105,
105,
105,
105,
105,
105,
105,
106,
106,
105,
106,
106,
106,
106,
106,
106,
106,
106,
111,
154,
158,
158,
157,
155,
153,
150,
148,
145,
143,
140,
138,
136,
134,
133,
131,
129,
128,
127,
126,
124,
124,
123,
122,
121,
120,
120,
119,
119,
118,
118,
117,
117,
117,
116,
116,
116,
116,
115,
115,
115,
115,
115,
115,
114,
114,
114,
114,
114,
114,
114,
114,
113,
113,
113,
113,
113,
113,
113,
113,
113,
113,
113,
113,
113,
113,
113,
113,
113,
112,
112,
112,
112,
112,
112,
112,
112,
112,
112,
112,
112,
112,
112,
112,
112,
112,
112,
112,
112,
112,
112,
112,
112,
112,
112,
112,
112,
112,
112,
106,
067,
063,
063,
064,
066,
068,
070,
072,
074,
076,
078,
080,
082,
084,
085,
087,
088,
089,
090,
092,
093,
094,
094,
095,
096,
096,
097,
098,
098,
099,
099,
099,
100,
100,
101,
101,
101,
101,
102,
102,
102,
102,
102,
103,
103,
103,
103,
103,
103,
104,
104,
104,
104,
104,
104,
104,
104,
104,
104,
104,
104,
104,
105,
105,
105,
105,
105,
105,
105,
105,
105,
105,
105,
105,
105,
105,
105,
105,
105,
105,
105,
105,
105,
105,
105,
105,
106,
106,
105,
106,
106,
106,
106,
106,
106,
106,
106,
106,
106,
112,
154,
158,
158,
157,
155,
153,
150,
148,
145,
143,
140,
138,
136,
134,
133,
131,
129,
128,
127,
126,
125,
124,
123,
122,
121,
120,
120,
119,
119,
118,
118,
117,
117,
117,
116,
116,
116,
116,
115,
115,
115,
115,
115,
115,
114,
114,
114,
114,
114,
114,
114,
114,
114,
113,
113,
113,
113,
113,
113,
113,
113,
113,
113,
113,
113,
113,
113,
113,
113,
112,
113,
112,
112,
112,
112,
112,
112,
112,
112,
112,
112,
112,
112,
112,
112,
112,
112,
112,
112,
112,
112,
112,
112,
112,
112,
112,
112,
112,
112,
106,
067,
063,
063,
064,
066,
068,
070,
072,
074,
076,
078,
080,
082,
084,
085,
087,
088,
089,
090,
092,
093,
094,
094,
095,
096,
096,
097,
098,
098,
099,
099,
100,
100,
100,
101,
101,
101,
101,
102,
102,
102,
102,
102,
103,
103,
103,
103,
103,
103,
103,
103,
104,
104,
104,
104,
104,
104,
104,
104,
104,
104,
104,
104,
105,
105,
105,
105,
105,
105,
105,
105,
105,
105,
105,
105,
105,
105,
105,
105,
105,
105,
105,
105,
105,
105,
105,
105,
105,
105,
106,
106,
106,
106,
106,
106,
106,
106,
106,
106,
112,
154,
158,
158,
157,
155,
153,
150,
147,
145,
143,
140,
138,
136,
134,
133,
131,
129,
128,
127,
126,
125,
123,
123,
122,
121,
120,
120,
119,
118,
118,
118,
117,
117,
117,
116,
116,
116,
116,
115,
115,
115,
115,
115,
114,
114,
114,
114,
114,
114,
114,
114,
114,
114,
113,
113,
113,
113,
113,
113,
113,
113,
113,
113,
113,
113,
113,
113,
113,
113,
113,
112,
112,
112,
112,
112,
112,
112,
112,
112,
112,
112,
112,
112,
112,
112,
112,
112,
112,
112,
112,
112,
112,
112,
112,
112,
112,
112,
112,
112,
106,
067,
063,
063,
064,
066,
068,
070,
072,
074,
076,
078,
080,
082,
084,
085,
087,
088,
089,
090,
092,
093,
093,
094,
095,
096,
097,
097,
098,
098,
099,
099,
100,
100,
100,
101,
101,
101,
101,
102,
102,
102,
102,
102,
103,
103,
103,
103,
103,
103,
103,
104,
104,
104,
104,
104,
104,
104,
104,
103,
104,
104,
104,
104,
105,
105,
105,
105,
105,
105,
105,
105,
105,
105,
105,
105,
105,
105,
105,
105,
105,
105,
105,
105,
105,
105,
105,
105,
105,
106,
106,
106,
106,
106,
106,
106,
106,
106,
106,
106,
112,
154,
158,
158,
157,
155,
153,
150,
148,
145,
143,
140,
138,
136,
134,
133,
131,
129,
128,
127,
126,
125,
124,
123,
122,
121,
120,
120,
119,
119,
118,
118,
117,
117,
117,
116,
116,
116,
116,
115,
115,
115,
115,
115,
114,
114,
114,
114,
114,
114,
114,
114,
114,
113,
113,
113,
113,
113,
113,
113,
113,
113,
113,
113,
113,
113,
113,
113,
113,
113,
113,
112,
112,
112,
112,
112,
112,
112,
112,
112,
112,
112,
112,
112,
112,
112,
112,
112,
112,
112,
112,
112,
112,
112,
112,
112,
112,
112,
112,
112,
106,
067,
063,
063,
064,
066,
068,
070,
072,
074,
076,
078,
080,
082,
084,
085,
087,
088,
089,
090,
092,
093,
094,
094,
095,
096,
096,
097,
098,
098,
099,
099,
100,
100,
100,
101,
101,
101,
101,
102,
102,
102,
102,
102,
103,
103,
103,
103,
103,
103,
103,
103,
104,
104,
104,
104,
104,
104,
104,
104,
104,
104,
104,
104,
105,
105,
105,
105,
105,
105,
105,
105,
105,
105,
105,
105,
105,
105,
105,
105,
105,
105,
105,
105,
105,
105,
105,
105,
106,
106,
106,
106,
106,
106,
106,
106,
106,
106,
106,
106,
112,
154,
158,
158,
157,
155,
153,
150,
147,
145,
143,
140,
138,
136,
134,
132,
131,
129,
128,
127,
126,
124,
123,
123,
122,
121,
120,
120,
119,
118,
118,
118,
117,
117,
117,
116,
116,
116,
116,
115,
115,
115,
115,
115,
115,
115,
114,
114,
114,
114,
114,
114,
114,
114,
113,
113,
113,
113,
113,
113,
113,
113,
113,
113,
113,
113,
113,
113,
113,
113,
112,
112,
112,
112,
112,
112,
112,
112,
112,
112,
112,
112,
112,
112,
112,
112,
112,
112,
112,
112,
112,
112,
112,
112,
112,
112,
112,
112,
112,
112,
106,
067,
063,
063,
064,
066,
068,
070,
072,
074,
076,
078,
080,
082,
084,
085,
087,
088,
089,
090,
092,
093,
094,
094,
095,
096,
096,
097,
098,
098,
099,
099,
099,
100,
100,
101,
101,
101,
101,
102,
102,
102,
102,
102,
103,
103,
103,
103,
103,
103,
103,
104,
104,
104,
104,
104,
104,
104,
104,
104,
104,
104,
104,
105,
105,
105,
105,
105,
105,
105,
105,
105,
105,
105,
105,
105,
105,
105,
105,
105,
105,
105,
105,
105,
105,
105,
105,
105,
105,
106,
106,
106,
106,
106,
106,
106,
106,
106,
106,
106,
112,
154,
158,
158,
157,
155,
153,
150,
148,
145,
143,
140,
138,
136,
134,
133,
131,
129,
128,
127,
126,
125,
123,
123,
122,
121,
120,
120,
119,
119,
118,
118,
117,
117,
117,
116,
116,
116,
116,
115,
115,
115,
115,
115,
115,
114,
114,
114,
114,
114,
114,
114,
114,
113,
113,
113,
113,
113,
113,
113,
113,
113,
113,
113,
113,
113,
113,
113,
113,
113,
112,
112,
112,
112,
112,
112,
112,
112,
112,
112,
112,
112,
112,
112,
112,
112,
112,
112,
112,
112,
112,
112,
112,
112,
112,
112,
112,
112,
112,
112,
106,
067,
063,
063,
064,
066,
068,
070,
072,
074,
076,
078,
080,
082,
084,
085,
087,
088,
089,
091,
092,
093,
093,
094,
095,
096,
096,
097,
098,
098,
099,
099,
099,
100,
100,
101,
101,
101,
101,
102,
102,
102,
102,
102,
103,
103,
103,
103,
103,
103,
103,
104,
104,
104,
104,
104,
104,
104,
104,
104,
104,
104,
104,
105,
105,
105,
105,
105,
105,
105,
105,
105,
105,
105,
105,
105,
105,
105,
105,
105,
105,
105,
105,
105,
105,
105,
105,
105,
105,
106,
106,
106,
106,
106,
106,
106,
106,
106,
106,
106,
111,
154,
158,
158,
157,
155,
153,
150,
148,
145,
143,
140,
138,
136,
134,
133,
131,
129,
128,
127,
126,
125,
124,
123,
122,
121,
120,
120,
119,
119,
118,
118,
117,
117,
117,
116,
116,
116,
116,
116,
115,
115,
115,
115,
115,
114,
114,
114,
114,
114,
114,
114,
114,
113,
113,
113,
113,
113,
113,
113,
113,
113,
113,
113,
113,
113,
113,
113,
113,
113,
113,
112,
112,
112,
112,
112,
112,
112,
112,
112,
112,
112,
112,
112,
112,
112,
112,
112,
112,
112,
112,
112,
112,
112,
112,
112,
112,
112,
112,
112,
106,
067,
063,
062,
064,
066,
068,
070,
072,
074,
076,
078,
080,
082,
084,
085,
087,
088,
089,
091,
092,
093,
093,
094,
095,
096,
097,
097,
098,
098,
099,
099,
100,
100,
100,
101,
101,
101,
101,
102,
102,
102,
102,
102,
103,
103,
103,
103,
103,
103,
103,
104,
104,
104,
104,
104,
104,
104,
104,
104,
104,
104,
104,
105,
105,
105,
105,
105,
105,
105,
105,
105,
105,
105,
105,
105,
105,
105,
105,
105,
105,
105,
105,
105,
105,
105,
105,
105,
105,
106,
105,
106,
106,
106,
106,
106,
106,
106,
106,
106,
112,
154,
158,
158,
157,
155,
153,
150,
148,
145,
143,
140,
138,
136,
134,
133,
131,
129,
128,
127,
126,
125,

                                                                                                                                                                                                                                                                                                                                                                                                                                                                                                                         